Â¿De quÃ© 'llave' saldrÃ¡ el campeÃ³n de la #EURO2016? https://t.co/u5rGVnIkBF https://t.co/TNSqzoOgDd,sport
"""@TwiterosCali: AsÃ­ quedan las llaves para los cuartos de final de la #EURO2016 https://t.co/maCrjt21aX""",sport
"""#Wimbledon is a tricky tournament - the grass can give you a surprise..."" - GarbiÃ±e Muguruza takes stock after coming through a tough encounter with Camila Giorgi",wimbledon
"""I think it's one of the best stories in a long time in our sport...""Roger Federer, who faces world No.772 Marcus Willis in the second round, knows a good tennis tale when he sees one #Wimbledon",wimbledon
"""live wimbledon tennis"" https://t.co/1IfzdLufUT by @zntent on @LinkedIn",wimbledon
"""On July 2, I will set out to ride the route of the original Tour de France, stage by stagâ€¦ https://t.co/740hsUNwBH https://t.co/VLEKITm3XC",sport
"""There's nothing like #Wimbledon...""Tennis as you've never seen it before with the Bryan Brothers. Look out for the full video coming soon...",wimbledon
"""You have this infinity inside of you that feels like you could go forever.""Venus Williams is in exceptional company after sealing her 77th #Wimbledon singles win on day one: http://bit.ly/28ZUER4",wimbledon
"â€œI've always wanted to play at Wimbledon..I just never thought it would happen.""Hometown glory for world No.772 Marcus Willis on day one: http://bit.ly/28ZBGdv#Wimbledon",wimbledon
ã€ãƒ„ãƒ¼ãƒ«ãƒ»ãƒ‰ãƒ»ã¡ã° 2016ã€‘#ãƒ„ãƒ¼ãƒ«ãƒ»ãƒ‰ãƒ»ã¡ã°ã€€#ãƒ„ãƒ«ã¡ã°ã€€#ãƒ„ãƒ«ãƒãƒã€€#ã¤ã‚‹ã¡ã°ã€€#TDCã€€#TDF2016ã€€#TourdeChiba@ChibaCycleAssoc,sport
@AnMariRodriguez me too it's my fave tournament because of the whites #Wimbledon,wimbledon
"@Beckie_Miller_ lol I've been very stern! No going out, just sit in the chair and watch Wimbledon for the rest of the week!",wimbledon
@deffanaverin du Ã¤r det fÃ¶rsten till 3 i wimbledon,wimbledon
@equipedefrance sachez qu'Ã  @BethuneOfficiel on vous soutient Ã  200% dans cet #Euro2016 ! La preuve en images : https://t.co/xtcgDGQGCJ,sport
@ESPNFC Iceland's two goal scorers sir names sound like tracks on a Sigur RÃ²s album. Handy footballers too. #EURO2016,sport
@Fini_golosinas por lo menos que nos endulcemos algo @luciacarolain #EURO2016,sport
@NisaLocally Our attempt... Note the goal at the end - who needs Ronaldo?! #Nisafootball #EURO2016 https://t.co/hhdmz6j8v4,sport
@SHO_mach ææ¡ˆã‚ã‚ŠãŒã¨ã†ã”ã–ã„ã¾ã™ã€‚ãƒˆãƒ¬ãƒ¼ãƒ‰ã„ã‘ã¾ã™ã‚ˆã€‚ã‚¢ã‚¹ã‚¿ãƒ­ãƒˆf1ã¨ãƒšãƒ³ãƒ€ãƒ³ãƒˆf1ã¯ç¢ºå®šã§å‡ºã›ã¾(^^),sport
@TABSInfoNation  Luckily Andy Murray is not up against an Icelandic player.,wimbledon
@tennis365 ãƒã‚¤ãƒˆã§è¦³ã‚‰ã‚Œãªã‹ã£ãŸğŸ˜¢æ®‹å¿µğŸ˜”ã‚ã®ï½ã€ã¾ã ã‚¹ã‚³ã‚¢é€Ÿå ±ã‚³ãƒ¼ãƒŠãƒ¼Wimbledonæ¬„ã«ç”·å­ã‚·ãƒ³ã‚°ãƒ«ã‚¹ãŒã‚ã‚Šã¾ã›ã‚“ã‚ˆï¼æ—©ãå…¥ã‚Œã¦ãã ã•ã„ï¼,wimbledon
@vickychandhok @WilliamsRacing @karunchandhok @F1 @fosgoodwood @pistonphoto Aaj to sabki class lag rahi he sir...Adrian Newey Ji ki bhi,sport
@Willbomb90 you are my spirit animal! Way to go @Wimbledon !,wimbledon
#3Novices : Kyrgios overcomes gritty Czech veteran Stepanek https://t.co/0XcETYiFGn Australian 15th seed Nick Kyrgios overcame the gritty â€¦,wimbledon
#BattleOfBritain @wimbledon @andy_murray V @Liambroady #Scotland V #England ğŸ˜Š #Wimbledon #Wimbledon2016 https://t.co/neEnzijria,wimbledon
"#Brexit #EURO2016 'You're not laughing now,' Nigel Farage tells EU Parliament - Breaking911 https://t.co/pjV9XFQ2Ey via @Breaking911",sport
#CostadelSol #Marbella #Banus Get a Â£50 Free Bet on #Euro2016 with NetBet https://t.co/SrCzZvSrNN https://t.co/HlJugE8B1y,sport
#DobleFila #F1 #Formula1 #Heineken @f1 @Heineken https://t.co/VXoIeyjKLb https://t.co/8genmox7sk,sport
#EURO2016Â  Cuartos de final:#FRAÂ  vs. #ISLÂ  Â¿QuiÃ©n pasa a Semifinales?,sport
#Euro2016 #News UEFA EURO 2016 quarter-final tickets sold out  #Goal https://t.co/jfiwyUqppt,sport
#EURO2016 | Jugadores que se perderÃ¡n el juego de Cuartos de Final.#BEL: Vermalen#ITA : Motta #FRA: Rami y Kante https://t.co/m1RiOmnzTp,sport
#EURO2016 60 milioni di Commissari Tecnici #Brexit 60 milioni di economisti.,sport
#EURO2016 INTERESTING CHRISTIAN BLOGIS IT RIGHT FOR CHRISTIANS TO USE CHEAT CODES FOR BROWSINGhttps://t.co/YQ7Fd2VTY5,sport
#EURO2016 Milan ayer en el #ITA-#ESP (3) https://t.co/bVJzhYXmB1,sport
#Euro2016 QF fixtures#POL vs #POR#WAL vs #BEL#GER vs #ITA#FRA vs #ISL,sport
#Euro2016 Shit Lookalikes: @Cristiano Ronaldo And Lara Croft... https://t.co/oJZH8fB8xc https://t.co/dd5sTQvMbr,sport
"#euro2016 tickets for sale..Poland vs PortugalWales vs Belgium Category 2 seats, 2 x tickets for each game. #POLPOR #WALBEL",sport
"#EURO2016: os belgas criaram a plataforma â€œadopta um belgaâ€ para alojar os seus adeptos na regiÃ£o de Lille, FranÃ§a. https://t.co/ZXiFs7pYvJ",sport
#FeelWimbledon hope it's not raining in Wimbledon like it is in Devon.,wimbledon
#Heartchz Pippa Middleton tampil glamor saat hadir menonton tenis Wimbledon. Bersama adiknya James Middle... https://t.co/KkyoBIb5Aa #FB,wimbledon
#Heartchz Pippa Middleton tampil glamor saat hadir menonton tenis Wimbledon. Bersama adiknya James Middle... https://t.co/yEM03sckax #FB,wimbledon
"#JazzmaKendrick e #BoboVieri, tenerezze sugli spalti di #Euro2016 https://t.co/kMbs54hPul https://t.co/hjsf1gBpXW",sport
#LeicaÂ  #LeicaTÂ  #mirrorlessÂ  #Leica Summilux-TL 35mm f1.4 ASPHì†Œë…€ë“¤ì˜ ê³ ê¶ë†€ì´ https://t.co/UpZ0RTGQjT,sport
#Noticias #Ecuador Serena Williams avanza con autoridad a la segunda ronda de Wimbledon https://t.co/q1Q7nhKpcu,wimbledon
#revenge #italy #chiellini #goal #europe #euro2016 @ Stade de France https://t.co/oyImV9wBPP,sport
#TeamMurray #Wimbledon  https://t.co/LGgyVfjXVK,wimbledon
#Tennis Richard Gasquet ne fait pas de dÃ©tails contre Aljaz Bedene https://t.co/9qpAERwHrK #Wimbledon https://t.co/8KxwHYYVbu,wimbledon
#wielrennen Tour de France 2016: de kansen van de Nederlanders https://t.co/BjBe4LRfUy #nieuwstwitter,sport
#wielrennen Tour de France 2016: de kansen van de Nederlanders https://t.co/bma2eS5Q50 #nieuwstwitter,sport
#wielrennen Tour de France 2016: de kansen van de Nederlanders https://t.co/d07rjjy04S #nieuwstwitter,sport
#wielrennen Tour de France 2016: de kansen van de Nederlanders https://t.co/DKWmdLjykF #nieuwstwitter,sport
#wielrennen Tour de France 2016: de kansen van de Nederlanders https://t.co/dSK9B0SjOF #nieuwstwitter,sport
#wielrennen Tour de France 2016: de kansen van de Nederlanders https://t.co/FuqrbwRiN5 #nieuwstwitter,sport
#wielrennen Tour de France 2016: de kansen van de Nederlanders https://t.co/FxgouhWR5y #nieuwstwitter,sport
#wielrennen Tour de France 2016: de kansen van de Nederlanders https://t.co/IYFezEXs1b #nieuwstwitter,sport
#wielrennen Tour de France 2016: de kansen van de Nederlanders https://t.co/q0JoTW41EY #nieuwstwitter,sport
#wielrennen Tour de France 2016: de kansen van de Nederlanders https://t.co/qqn8ReO1LT #nieuwstwitter,sport
#wielrennen Tour de France 2016: de kansen van de Nederlanders https://t.co/qVSBj0PTSL #nieuwstwitter,sport
#wielrennen Tour de France 2016: de kansen van de Nederlanders https://t.co/RscykQxLzp #nieuwstwitter,sport
#wielrennen Tour de France 2016: de kansen van de Nederlanders https://t.co/RYUvNXpkT1 #nieuwstwitter,sport
#wielrennen Tour de France 2016: de kansen van de Nederlanders https://t.co/tRqNVfgRtm #nieuwstwitter,sport
#wielrennen Tour de France 2016: de kansen van de Nederlanders https://t.co/xhu9Xe5gE5 #nieuwstwitter,sport
#wielrennen Tour de France 2016: de kansen van de Nederlanders https://t.co/z3DLk7Gh3M #nieuwstwitter,sport
#Wimbledon #Berdych 76 1-0 y saque ante #Dodig,wimbledon
#Wimbledon #riske annulla bene seconda palla break a @roberta_vinci,wimbledon
#Wimbledon â˜•ğŸª https://t.co/VKq0nHTgrt,wimbledon
#Wimbledon First 3 games to Andy. When @ Wimbledon you must remember not to shriek 'out' like you do at the tv!,wimbledon
#Wimbledon nice warm up for A Murray v L Broady.,wimbledon
#Wimbledon Number 2 seed Andy Murray is on Centre Court against Liam Brody in an all British affair in Round 1.,wimbledon
#Wimbledon using real-time sports #statistics for fan engagement https://t.co/vVbQHdd0Ft @Linkis_com #IBM #tennis #Wimbledon2016 #data,wimbledon
#Wimbledon íŠ¸ìœ„í„° ì´ëª¨ì§€ëŠ” ì‘ë…„ ë”¸ê¸°ê°€ ë” ì˜ˆë»¤ë˜ ê²ƒ ê°™ì•„ìš”.,wimbledon
#WimbledonxESPN Serena Williams avanza a segunda ronda; juega MÃ³nica Puig https://t.co/rbivVhvMT7,wimbledon
â– ã€ã‚ªãƒ¼ãƒˆã‚¢ãƒ¼ãƒˆã€‘(1/18) ãƒ›ãƒ³ãƒ€ RA272 F1 1965 #11 ãƒ¡ã‚­ã‚·ã‚³GP å„ªå‹(ãƒªãƒƒãƒãƒ¼ãƒ»ã‚®ãƒ³ã‚µãƒ¼/ãƒ‰ãƒ©ã‚¤ãƒãƒ¼ãƒ•ã‚£ã‚®ãƒ¥ã‚¢ä»˜) (86599) A...https://t.co/NlPxe4sVWY https://t.co/PBI8AApNUY,sport
â—€Ø´Ø§Ù‡Ø¯ Ø­ØµØ±Ù‰ Ù‡Ù†Ø§ğŸ“¥ğŸ”ƒ#Ù‚ØµØµ_Ø³ÙƒØ³ğŸ¬ https://t.co/AdkBjCDYee ğŸ”ƒhttps://t.co/PQI9lORAXb ğŸ“¥ https://t.co/vBN2oyd03V ğŸ”ƒ https://t.co/yr5iS5AZLM F1,sport
0-Tennis-Wimbledon men's singles round 1 results - https://t.co/NFG8Xju7Lp,wimbledon
0-Tennis-Wimbledon men's singles round 1 results - https://t.co/rHflFawqoW,wimbledon
18 yaÅŸÄ±ndaki Fritz'in 3. Slam turnuvasÄ±ymÄ±ÅŸ. Biz de bizimkiler ana tabloya kalÄ±nca ÅŸampiyon olmuÅŸ gibi seviniyoruz. #Wimbledon,wimbledon
"2016, Day 1 Highlights, GarbiÃ±e Muguruza vs Camila Giorgi",wimbledon
"2016, Day 1 Highlights, Kei Nishikori vs Sam Groth",wimbledon
"2016, Day 1 Highlights, Laura Robson vs Angelique Kerber",wimbledon
"2016, Day 1 Highlights, Novak Djokovic vs James Ward, first round",wimbledon
"2016, Day 1 Highlights, Roger Federer vs Guido Pella",wimbledon
60 seconds with Andy Murray - BBC News read more... https://t.co/0HXgaCplhc,wimbledon
60 seconds with Andy Murray - BBC News read more... https://t.co/2ZiyE9nejJ,wimbledon
60 seconds with Andy Murray - BBC News read more... https://t.co/GDLsULyM64,wimbledon
60 seconds with Andy Murray - BBC News read more... https://t.co/hvI5HvKSAS,wimbledon
60 seconds with Andy Murray - BBC News read more... https://t.co/i7ncNEe976,wimbledon
60 seconds with Andy Murray - BBC News read more... https://t.co/RvVRvKyxxJ,wimbledon
60 seconds with Andy Murray - BBC News read more... https://t.co/WQF7Mvdt6h,wimbledon
60 seconds with Andy Murray - BBC News read more... https://t.co/xjAFunEKlu,wimbledon
60 seconds with Andy Murray - BBC News-read more... https://t.co/seLjQBj5MO,wimbledon
A huge THANK YOU to @Allegis_Group whose #Euro2016 staff #fundraiser collected Â£850 for Freewheelers! #corporategiving,sport
A win at #Wimbledon and a hug from mum... #MarcusWillis ğŸ˜‚ğŸ‘ğŸ¾ Photo: @joelmarklund,wimbledon
Age is just a number...Venus Williams kicks off her 19th Wimbledon appearance with a 7-6(3) 6-4 win over Donna Vekic,wimbledon
"Agenda: DÃ©bat ""Sport et Culture: le mariage impossible?"" organisÃ© par l'@APELS le 3 juillet Ã  Saint-Denis https://t.co/KKQ9cJphCk #Euro2016",sport
All eyes will be on Serena Williams as she takes Centre Court to defend her #Wimbledon title on Tuesday. Here's a preview of what's in store on day two...,wimbledon
All results for Day 1 at Wimbledon 2016 in singles https://t.co/KDE99nn0nx,wimbledon
All smiles: @andy_murray's wife Kim arrives on centre court. #Wimbledon https://t.co/BHMJY89TcN,wimbledon
Andy Murray and Kevin Spacey serve up global tiger challenge at Wimbledon,wimbledon
Andy Murray channeling #MuhammadAli #Ali #TheGreatest #Wimbledon Photo: Florian Eisele,wimbledon
"Andy Murray quite likes the grass doesn't he...ğŸ‘Œ#Wimbledon @BBCOne, @5liveSport &amp; https://t.co/wfz3ZeO6lA https://t.co/QKOBiU8oXa",wimbledon
Angelique Kerber powers through her first round match against Laura Robson. #WimbledonPhoto: @eddiekeoghphotos,wimbledon
"Another Roger Federer #Wimbledon landmark to enjoy as the seven-time champion seals a 7-6(5), 7-6(3), 6-3 win over Guido Pella to advance to the second round in style",wimbledon
Anyone looking to hop on the band wagon? Sold! #euro2016 #iceland #shutupandtakemymoney #bandwagon    https://t.co/RwnlQCnHyK,sport
Audiences 27 juin : lâ€™Euro et Angleterre â€“ Islande en tÃªte (+ replay) https://t.co/k4TY1C8diW #euro2016 #audiences #ANGISL,sport
Backing @Liambroady today! Massive game for him! ğŸ¾ #Wimbledon,wimbledon
"Basma zamani geldi cici kiz (@ F1 Fitness Club in Maltepe, Ä°stanbul) https://t.co/SrOJj7XHSY",sport
Being a bookie &amp; putting up $3 for Verdasco was always a dubious proposition! #dangerous #Wimbledon,wimbledon
"Best moments of  #Euro2016 so far:1 - Brady's goal vs Italy.2 - ""Overpaid nonces!""3 - Stan Collymore's ""JOURNALISTE!""",sport
Best seat in the house...a line judge keeping an attentive eye on #CentreCourt #Wimbledon ğŸ˜ğŸ•¶ğŸ¾Photo: @garyhershorn,wimbledon
Bet Â£10 on the #Euro2016 quarter-finals &amp; get a FREE Â£10 BET for the final with 188BET ğŸ‘‰ https://t.co/3Q4s00WA3g https://t.co/4cxcnrX2TU,sport
Bon faut que je regarde dÃ¨s match de Wimbledon,wimbledon
British Grand Prix F1 drivers' tyre selections announced by Pirelli: Formula 1 title rivals Nico Rosberg ... https://t.co/nBNDbXJ346 #f1,sport
Camilla Kerslake in bright orange jumpsuit as with Chris Robshaw at Wimbledon https://t.co/FYAJOrMxpJ,wimbledon
Camilla Kerslake in bright orange jumpsuit as with Chris Robshaw at Wimbledon: Classical singer Camilla Kersl... https://t.co/IGPk2AYuUp,wimbledon
Can't bloody wait for @LeTour to start! #TDF2016 ğŸš´ğŸ¼,sport
cannot stand Andrew Castle as a commentator for Wimbledon,wimbledon
Carla Suarez Navarro celebrates her win over Shuai Zhang #Wimbledon ğŸ‘ğŸ˜Photo: @jonbucklephoto,wimbledon
Check out the latest update for our Paris Metro app. Weâ€™ve added more free maps including all the #Euro2016 towns https://t.co/5bKrJXW5Ld,sport
Cinderella story.. World No.772 Marcus Willis into the second round after defeating Ricardas Berankis in straight sets #WimbledonPhoto: @joelmarklund,wimbledon
Coach #Loew insists his team have no trauma about facing #Italy in the #Euro2016 quarter-final @DFB_Team @UEFAEURO https://t.co/FbOvWt5S4P,sport
Come on Murray! #Wimbledon,wimbledon
Congrats to Iceland on amazing win vs England in #euro2016 . The little country strikes again ğŸ‘ğŸ»,sport
"CRN Noticias / Habra F1 2016 , Fifa 17 , NBA 2k16 , Moto GP 16 , Gran Turismo y Projec Cars en Campeonatos Coe unos empezaran... (1-2)",sport
Crowds stream in on day one. #Wimbledon Photo: @joelmarklund,wimbledon
Cumm'on Broady don't let the nerves get the better of you ğŸ¾ https://t.co/EmqslI81IW,wimbledon
"Currently, tweets about Nick Kyrgios are 0% positive, 88% neutral, and 0% negative.",wimbledon
DÃ©but du match de Vesely dans 15minutes !! #montante #Wimbledon,wimbledon
Del Potro pone primera en Wimbledon #local https://t.co/QrHd8sqoVQ,wimbledon
devant le tennis! #Wimbledon,wimbledon
Did #Wimbledon really witness a serve faster than the speed of light? What actually happens to the towels?All the answers you need are to be found in the day one edition of #wimblewatch...,wimbledon
Djokovic inicia defensa de su tÃ­tulo en Wimbledon con sÃ³lido triunfo     https://t.co/6B327X0Her,wimbledon
Djokovic inicia defensa de su tÃ­tulo en Wimbledon con sÃ³lido triunfo     https://t.co/ufDqCy2vi7,wimbledon
Ecco i risultati della #SocialBattle #EUROKZERO ğŸ‡®ğŸ‡¹â–¶ï¸https://t.co/6YCigCoMPR#EURO2016 #Europei2016 #ita https://t.co/zxlbPHJb0N,sport
"England's footballers will nurse their wounds without ice baths, ice packs or cubes of ice in their drinks #EURO2016 #ENGICE #Engexit",sport
Enjoying The Championships as much as Marcus Willis? Show your friends by giving your profile photo a #Wimbledon-themed makeover ;),wimbledon
Euro 2016 quarter-finals - 40/1 long shot!Live here â–¶ï¸https://t.co/UW096hVisR#EURO2016 âš½ï¸ ğŸ’· https://t.co/vDQpQvsnrA,sport
Euro 2016 quarter-finals - 40/1 long shot!Live here â–¶ï¸https://t.co/WsfKTj5lt1#EURO2016 âš½ï¸ ğŸ’· https://t.co/xfbYNVSPHL,sport
euro2016 ã‚¤ãƒ³ã‚°ãƒ©ãƒ³ãƒ‰ã‚‚è² ã‘ãŸã®ã‹!ğŸ˜®   ã„ã‚ã‚“ãªæ„å‘³ã§æ¿€éœ‡ã®èµ°ã‚‹ã‚¤ã‚®ãƒªã‚¹,sport
EURO2016icelandã®å¿œæ´ã‹ã£ã“ã„ã„ã­ãˆé¸æ‰‹ã‚‚ä¸€ç·’ã«ã‹ã£ã“ã„ã„ã­ãˆ,sport
EURO2016ãƒ™ã‚¹ãƒˆ8ã«ãƒãƒ«ãƒˆã‚¬ãƒ«æ®‹ã‚‹ã¨æ€ã£ã¦ãªã‹ã£ãŸã‚(ç¬‘),sport
Exministra de Deportes francesa serÃ¡ juzgada en 2017 por acusar a Nadal de dopaje https://t.co/bSdov8jAm0,wimbledon
Eye of the tiger! Andy Murray and Kevin Spacey teamed up at #Wimbledon to back the WWF UK's campaign to double the number of tigers in the wild.Please watch and share to help them #DoubleTigers,wimbledon
Fairy tale story of Marcus Willis who nearly quit tennis before Wimbledon qualification,wimbledon
Federer returns to the Wimbledon grass,wimbledon
FINAL - #ENG 1-2 #ISLIslandia echa a Inglaterra y serÃ¡ rival de #FRA en 4tos: https://t.co/5RDIgaSPR2#EURO2016,sport
"First little bit of #Wimbledon this year turns out to be the Murray game. Should be a comfortable win, but you never know.",wimbledon
"First round: doneKei Nishikori moves on after beating Sam Groth 6-4, 6-3, 7-5 at #Wimbledon",wimbledon
"For someone who was two points away from losing to Stan Wawrinka, Taylor Fritz is actually playing really well #Wimbledon",wimbledon
"Fresh from completing his career Grand Slam, Novak Djokovic opens day one of #Wimbledon in style...",wimbledon
GarbiÃ±e Muguruza first round press conference,wimbledon
Gran martes de tennis #Wimbledon #Wimbledon2016 #tennis #WimbledonxESPN,wimbledon
Grass looks so good; never mind the greener side  #Wimbledon yaayy,wimbledon
"Great Britain's own Marcus Willis, currently ranked No.772, playing in the #Wimbledon main drawPhoto: @joelmarklund",wimbledon
GroÃŸes Duell fÃ¼r #Mayer in Runde 1 von #Wimbledon! Mit #Thiem wartet die Nr. 8 der Welt auf den Deutschen! https://t.co/8z5UTu7nDl,wimbledon
"Groundstaff working hard, preparing for Day 2 of The Championships #Wimbledon Photo: @garyhershorn",wimbledon
Having the Euros and Wimbledon in the morning/early afternoon makes the start of my day A LOT better!,wimbledon
How #IBM #Watson is helping to make the #Wimbledon even better using #BigData #AI and #MachineLearning https://t.co/EeleoBpVlN,wimbledon
"How to celebrate your first Grand Slam win, by world No.772 Marcus Willis...#Wimbledon",wimbledon
https://t.co/f3W70l1Ga9 Kuba BÅ‚aszczykowski zostaje w Dortmundzie. #POLPOR #POL #euro2016,sport
I like Serena but I do wish she'd smile and at least look as though she enjoyed being our champion.  X,wimbledon
"I would love Liam Broady to win this. I'm not saying I think that's what's going to happen, but it would really shake things up! #Wimbledon",wimbledon
"I would understand if England went down against France, or Italy... but against Iceland? What a shameful way to go. #Euro2016",sport
"I've had a thought. When Britain leaves the EU &amp; Scotland then leaves the UK, all those racist idiots won't be able to cheer on Andy Murray.",wimbledon
iceland mengejutkan dunia bolasepak!!! #ISL #EURO2016  https://t.co/dUwgxFTwdE,sport
In Pursuit of Greatness,wimbledon
Introducing the Wimbledon Foundation,wimbledon
"Invisibility, haircuts and Ed Sheeran - here's a few of  Andy Murray 'what ifs'...#Wimbledon",wimbledon
Is it the #hotshot of the tournament already by @NickKyrgios? #Wimbledon https://t.co/hi4fgWYYJu,wimbledon
It all comes down to two...#Wimbledon,wimbledon
It's a Tuesday to savour... here's what's in store on day two at #Wimbledon,wimbledon
JAJAJAJAJA asÃ­ se hizo la lista de Islandia para la #Euro2016 https://t.co/pNF9mcTSUx,sport
James Ward reflects on first round defeat to Djokovic,wimbledon
Je te revoie cet Ã©tÃ© au tour de France ma taloushe ğŸ˜±ğŸ”¥ğŸ˜ğŸ˜ @TalOfficial,sport
"KlasmanÄ±n 32. basamaÄŸÄ±ndaki @CaroGarcia, 28 dakika sÃ¼ren birinci seti @CaglaBuyukakcay karÅŸÄ±sÄ±nda 6-2 ile hanesine yazdÄ±rdÄ±. #Wimbledon",wimbledon
Kyrgios overcomes gritty Czech veteran Stepanek https://t.co/Q70ounnopE,wimbledon
Lâ€™#Islande est dÃ©sormais numÃ©ro 1 des #VENTES de #maillots de lâ€™#EURO2016 ! via @FootPack https://t.co/0WDXVUqoju,sport
"La sinceridad de Nadal: ""No sÃ© a quÃ© nivel voy a llegar a RÃ­o, pero lo importante es estar"" https://t.co/ECLJC2Yq7D https://t.co/edxGLRxcaw",wimbledon
Liam Broady looks like a completely different man every #Wimbledon #chameleonbeard #bbctennis,wimbledon
"Lindos partidos hoy en @Wimbledon. Verdasco-Tomic, Del Bonis-Fognini, Zeballos-Youzhny, Isner-Baghdatis, Dodig-Berdych",wimbledon
Los partidos se empiezan a ganar antes del pitido inicial. Comparen #ITA y #ESP ayer en los himnos. #EURO2016 https://t.co/H3E37MeyWQ,sport
"Love watching Murray now, think he's got himself playing at a whole new level. Just a shame Djokovic has this hold over him most of the time",wimbledon
Marcus Willis fans go wild after stunning first round win,wimbledon
Markus Willis yesterday... Wow. #Wimbledon  https://t.co/V2Cp6fSLEI,wimbledon
Me ha gustado un vÃ­deo de @YouTube (https://t.co/XRU9WJHxvY - F1 Circuit Guide: Austrian Grand Prix 2016).,sport
Milos Raonic first round press conference,wimbledon
MÃ³naco ganÃ³ en su debut en Wimbledon #local https://t.co/TTbctRsDZ5,wimbledon
"MTV Sport1:llÃ¤ alkaa seuraavaksi kahden britin kohtaaminen Liam Broady vs. Andy Murray, C More TenniksellÃ¤ kÃ¤ynnissÃ¤ ottelu Verdasco-Tomic..",wimbledon
Murray aced by stunt driver John McEnroe in extreme tennis challenge,wimbledon
Murray has never dropped a set to Djokovic on grass..amazing stat!!,wimbledon
My underdog picks today at Wimbledon https://t.co/hZsEo5WCI3,wimbledon
Nearly 200 places separated them in the world rankings...#Wimbledon,wimbledon
Nick Kyrgios overcomes gritty challenge of Radek Stepanek at Wimbledon https://t.co/AX6lCR8i7U,wimbledon
No sentiment in sport @AndrewCastle63 #Wimbledon,wimbledon
Novak Djokovic first round press conference,wimbledon
Novak Djokovic waves to the crowd after his first round victory over James Ward. #Wimbledon Photo: @jedleicesterphoto,wimbledon
Now watching Andy Murray,wimbledon
O/h mails from the city moans about firm's tv all tuned to #Corbyn #Brexit &amp; no #FeelWimbledon #Wimbledon where's the tennis. Wrong priority,wimbledon
Oh doch umgeschaltet jetzt #Petkovic vs Hibino gucken #SkyTennis #Wimbledon,wimbledon
OK! I need to turn off Wimbledon and write. Want to get to 75k by Friday then it's editing time! #amwriting https://t.co/I3GhQfa7fY,wimbledon
"OMG. Sadly, that is so very true. ::faceplant::  #fb #euro2016 #brexitthesequel https://t.co/zzGa7PKSyi",sport
On a side note it's good to see England in the knockout stages ... The Refs anyway #Euro2016 #TooSoon? #Eng,sport
Only 2 Brits have ever won a set off Andy Murray on grass. Kyle Edmund at Queens a few weeks ago and Andrew Banks in Notts 2004!! #bbctennis,wimbledon
Overnight in #TheQueue at #Wimbledon Photo: @garyhershorn,wimbledon
Peek-a-boo! ğŸ˜‚ğŸ˜Š #Wimbledon Photo: @eddiekeoghphotos,wimbledon
Petition Î³Î¹Î± Î½Î± ÎµÏ€Î±Î½Î±Î»Î·Ï†Î¸ÎµÎ¯ Î¿ Î±Î³ÏÎ½Î±Ï‚ Î™ÏƒÎ»Î±Î½Î´Î¯Î±-Î‘Î³Î³Î»Î¯Î±!!! Î¤ÏÎµÎ»ÏŒ Ï„ÏÎ¿Î»Î¬ÏÎ¹ÏƒÎ¼Î±...#Brexit #Iceland #EURO2016 https://t.co/2K4xvOTGe9,sport
Pippa Middletonâ€™s Wardrobe Malfunction: Nearly Flashes Crotch At Wimbledon â€” Pic   https://t.co/GE4yCT0K4N,wimbledon
Portugal have scraped through to this stage. Will they go oen further?===&gt; https://t.co/khOtEVkzQn#EURO2016 https://t.co/WjYiOItftC,sport
"PrivÃ©e de tennis, Maria Sharapova va Ã©tudier Ã  Harvard https://t.co/fEn1IuDH8H via @lequipe",wimbledon
Quand @p2hugz gagne des matchs Ã  Wimbledonâ€¦Son papa nâ€™est jamais trÃ¨s loin ! :) ğŸ¾ https://t.co/ySOL6Vyxcm https://t.co/FMBkJFRG5I,wimbledon
"Rafa Nadal: ""No sÃ© a quÃ© nivel voy a llegar a RÃ­o"": EFE El tenista balear sigue recuperÃ¡ndose de una lesiÃ³n e... https://t.co/o054OU9DbC",wimbledon
Ram et Tomic vous dÃ©goÃ»tez... #Wimbledon,wimbledon
Ready? Play! #WimbledonPhoto: @bubblesontour,wimbledon
Remember when federer done this to djokovic in the US lol,wimbledon
Renault faces challenge to keep F1 team motivated - Alain Prost: Renault faces a challenge to keep staff ... https://t.co/l0Zno3JIPQ #f1,sport
Retweeted Nazionale Italiana (@Vivo_Azzurro):#EURO2016 Ieri sera anche @LaTourEiffel si Ã¨ vestita coi nostri... https://t.co/Fo8VmdkmgJ,sport
Roger Federer first round press conference,wimbledon
Roger Federer in full flow... ğŸ‘Œ #Wimbledon @rogerfederer #tennis #slomo,wimbledon
Roger Federer is back... #Wimbledon,wimbledon
Roger Federer returning to Centre Court. It's always a sight for sore eyes...#Wimbledon,wimbledon
rooting for Iceland to do a Leiceister City FC. #YearOfTheUnderdogs #Euro2016,sport
"RT @ MCFC ""Good luck to City fan Liambroady who's about to  take on andy_murray at Wimbledon! ğŸ”µâšªï¸ğŸ¾""",wimbledon
"RT @ MCFC ""Good luck to City fan Liambroady who's about to  take on andy_murray at Wimbledon! ó¾°µâšªï¸ó¾Ÿ“""",wimbledon
RT @_rallycap: My wife. ğŸ˜‚ğŸ˜‚ğŸ˜‚ğŸ˜‚ #EURO2016 https://t.co/3qHlFpzx4k,sport
"RT @1DarrenTulett: Excellent! Dans la journÃ©e vous regardez @Wimbledon, le soir @EURO2016 - @beinsports_FR the place to be! https://t.co/DJâ€¦",wimbledon
"RT @5liveSport: ""Pampered players"" Chris Waddle pulls no punches on #ENG's #EURO2016 exit https://t.co/xcStpG1KDI https://t.co/cEsnkrmXâ€¦",sport
"RT @5liveSport: ""Pampered players"" Chris Waddle pulls no punches on #ENG's #EURO2016 exit https://t.co/xcStpG1KDI https://t.co/cEsnkrmXâ€¦",sport
"RT @5liveSport: ""Pampered players"" Chris Waddle pulls no punches on #ENG's #EURO2016 exit https://t.co/xcStpG1KDI https://t.co/cEsnkrmXâ€¦",sport
"RT @5liveSport: ""Pampered players"" Chris Waddle pulls no punches on #ENG's #EURO2016 exit https://t.co/xcStpG1KDI https://t.co/cEsnkrmXâ€¦",sport
RT @724bets10: #BanaSayÄ±salÃ‡Ä±ksa demene gerek yokCopa America ve Euro2016'ya Ã¶zel %100 Para YatÄ±rma BONUSU #EURO2016 #CopaAmerica https:/â€¦,sport
RT @724bets10: #EURO2016 C GRUBUNDA son maÃ§lar en iyi oranlarla BETS10'da#iddaa #bahis #tekmaÃ§ #canlÄ±bahis https://t.co/7sJlDq3MTv https:/â€¦,sport
RT @724bets10: #SizeÅunuDiyeceÄŸim CANLI RULET oyna BEDAVA BAHÄ°S kazan!#EURO2016 #CopaAmerica #iddaa #bahis https://t.co/7sJlDq3MTv https:/â€¦,sport
RT @724bets10: EURO 2016'ya Ã¶zel 120.000 TL Ã–dÃ¼llÃ¼ CANLI CASÄ°NO TurnuvasÄ±#EURO2016 #casino #iddaa #bahis https://t.co/7sJlDq3MTv https://tâ€¦,sport
RT @724bets10: FRANSA - ROMANYA aÃ§Ä±lÄ±ÅŸ maÃ§Ä± en iyi oranlar ile sadece BETS10 'da#EURO2016 #iddaa #bahis https://t.co/7sJlDq3MTv https://t.â€¦,sport
RT @724bets10: Ä°SVÄ°Ã‡RE - FRANSA maÃ§Ä± en iyi oranlarla BETS10'da#EURO2016 #FRA #SUI #iddaa #bahis #tekmaÃ§ https://t.co/7sJlDq3MTv https://tâ€¦,sport
RT @724bets10: TÃ¼rk Milli TakÄ±mÄ± #EURO2016 D grubunu kaÃ§Ä±ncÄ± sÄ±rada bitirecek? #BakarsÄ±nBirGÃ¼n #deneyelim #anket #TUR,sport
RT @724bets10: TÃœRKÄ°YE - Ã‡EK CUMH maÃ§Ä± en iyi oranlarla BETS10'da#EURO2016 #TUR #CZE #iddaa #bahis #tekmaÃ§ https://t.co/7sJlDq3MTv https:/â€¦,sport
RT @8TrollFootball: How Iceland Football National Team Was Selected. #EURO2016 https://t.co/wDncd4rtEK,sport
RT @9GAG: That explains the smiles on the Iceland players #Iceland #EURO2016https://t.co/S7OMVeG9iJ https://t.co/5NoLTmnAAt,sport
RT @A3Noticias: La exministra francesa Bachelot serÃ¡ juzgada en 2017 por haber acusado a Nadal de dopaje https://t.co/wbmJjiIEIO https://t.â€¦,wimbledon
"RT @abc_deportes: AsÃ­ serÃ¡n los cuartos de final de la #Euro2016, partido a partido - https://t.co/1XltWnIZv2 https://t.co/Nw7dRpOTcO",sport
"RT @alanwilkins22: Population of Iceland 330,000. Salary of the England Captain Wayne Rooney Â£330,000 a week #Euro2016",sport
RT @AoifeMc15: Time to work!! #Pumped #EURO2016  ğŸ€ğŸ’ªğŸ¼ğŸ‡®ğŸ‡ª,sport
RT @Arthur_Cmr: Pas de match avant jeudi 21h... #Euro2016 https://t.co/UraEWzTXEE,sport
RT @Arthur_Cmr: Pas de match avant jeudi 21h... #Euro2016 https://t.co/UraEWzTXEE,sport
RT @aschapire: La cancillerÃ­a de Islandia explica cÃ³mo seleccionaron a sus 23 jugadores.Â¿CÃ³mo no querer que ganen?  #EURO2016 https://t.co/â€¦,sport
RT @ashley_birch: #MUFC's 18-year-old Marcus Rashford vs. #MCFC's Â£49m Raheem Sterling for #Eng at #Euro2016.Damning. (via @Squawka) httpâ€¦,sport
RT @ashley_birch: #MUFC's 18-year-old Marcus Rashford vs. #MCFC's Â£49m Raheem Sterling for #Eng at #Euro2016.Damning. (via @Squawka) httpâ€¦,sport
RT @Atletico_MD: Del Bosque sÃ³lo le dio 19 minutos a Koke en toda la Eurocopa. #Atleti #EURO2016 https://t.co/ajvOFXjKnS https://t.co/NR5EHâ€¦,sport
"RT @azzurri: #EURO2016 @LaTourEiffel was lit up in red, white and green last night!#ITAESP @UEFAEURO #Paris #VivoAzzurro https://t.co/4Nâ€¦",sport
"RT @azzurri: #EURO2016 @LaTourEiffel was lit up in red, white and green last night!#ITAESP @UEFAEURO #Paris #VivoAzzurro https://t.co/4Nâ€¦",sport
RT @BBC_Tennis: Wimbledon 2016: Serena Williams career timeline: BBC Sport charts the epic career of Serena Williams as she a... https://t.â€¦,wimbledon
"RT @BBCSport: ""How on earth can he play Jack Wilshere?"" https://t.co/QQWGenIQ7J #EURO2016 #ENG https://t.co/Xlb9OpbzRV https://t.co/r3tnNâ€¦",sport
"RT @BBCSport: ""Of course, Viking conquests of England are nothing new.""https://t.co/kRJqL3xhap #EURO2016 #ENG #ISL https://t.co/lG5l3UDCXA",sport
RT @BBCSport: Five-time #Wimbledon champion Venus Williams has equalled the record number of appearances at a Grand Slam. https://t.co/0OdIâ€¦,wimbledon
RT @BBCSport: Gareth Southgate should not be the next England boss says Harry Redknapp.https://t.co/5BI4f6bk8H #EURO2016 #ENG https://t.câ€¦,sport
RT @BBST15: Jadual penuh Suku akhir nanti. #EURO2016 RT &amp; save dalam phone! https://t.co/IIJRDgRGiR,sport
RT @BBST15: Jadual penuh Suku akhir nanti. #EURO2016 RT &amp; save dalam phone! https://t.co/IIJRDgRGiR,sport
RT @BBST15: Jadual penuh Suku akhir nanti. #EURO2016 RT &amp; save dalam phone! https://t.co/IIJRDgRGiR,sport
"RT @beinsports_FR: [VIDEO] Gasquet ne fait pas de dÃ©tails &gt; (6-3, 6-4, 6-4) https://t.co/RYwsLJUDIj #Wimbledon",wimbledon
RT @BelindaBencic: Do you guys like my new @yonex_com @yonex_jp bag?! #wimbledon #allwhite ğŸŒ¸ğŸŒº https://t.co/UIoGL4gsya,wimbledon
RT @BelindaBencic: Do you guys like my new @yonex_com @yonex_jp bag?! #wimbledon #allwhite ğŸŒ¸ğŸŒº https://t.co/UIoGL4gsya,wimbledon
RT @BelindaBencic: Do you guys like my new @yonex_com @yonex_jp bag?! #wimbledon #allwhite ğŸŒ¸ğŸŒº https://t.co/UIoGL4gsya,wimbledon
"RT @BenRothenberg: Serena wins her opening #Wimbledon match on a Hawkeye challenge and twirls as she walks to net, beating Sadikovic 6-2, 6â€¦",wimbledon
RT @bharianmy: Hodgson letak jawatan jurulatih England#EURO2016 Selanjutnya di : https://t.co/I09heHlrpf https://t.co/vbQwbyWC9I,sport
"RT @bola24pt: Apesar de nÃ£o ter jogado nenhum minuto no #EURO2016, Will Grigg foi recebido de forma especial na Irlanda do Norte ğŸ¶ https://â€¦",sport
"RT @bola24pt: Apesar de nÃ£o ter jogado nenhum minuto no #EURO2016, Will Grigg foi recebido de forma especial na Irlanda do Norte ğŸ¶ https://â€¦",sport
RT @br_uk: Chills ğŸ‘ #ISL #EURO2016https://t.co/DYMjbMWSzs,sport
RT @br_uk: Chills ğŸ‘ #ISL #EURO2016https://t.co/DYMjbMWSzs,sport
RT @br_uk: Will Grigg did not play a single minute for Northern Ireland at #EURO2016 but he returned a hero ğŸ‰[ht @theawayfans]https://t.câ€¦,sport
RT @br_uk: Will Grigg did not play a single minute for Northern Ireland at #EURO2016 but he returned a hero ğŸ‰[ht @theawayfans]https://t.câ€¦,sport
RT @br_uk: Will Grigg did not play a single minute for Northern Ireland at #EURO2016 but he returned a hero ğŸ‰[ht @theawayfans]https://t.câ€¦,sport
RT @BreatheSport: Nick Kyrgios with an early contender for shot of the tournament... #Wimbledon https://t.co/TTEdRCGKuj,wimbledon
"RT @BreatheSport: Will Grigg returns to Northern Ireland a hero, despite not playing a single minute at #EURO2016https://t.co/qPWk4VhpN1",sport
RT @BryonyRoma: Hopefully British Tennis can give us something to cheer about!  #Wimbledon #British #Summer #Hope ğŸ¾ğŸ‡¬ğŸ‡§,wimbledon
"RT @BSchweinsteiger: Weâ€™ll play a strong opponent tonight. However, our goal is to finish the group in first place! ğŸ‡©ğŸ‡ª #NIRGER #EURO2016 htâ€¦",sport
RT @by_the_pool: RT @DaRealProff: Every team in quarterfinals deserve to be there @moflavadj hebannâ’¶â’· #POR #EURO2016,sport
RT @C18thMiss: A Game of #Tennis c.1620-26 in honour of #Wimbledon https://t.co/Koq8STuUQK #twitterstorians https://t.co/yjXTmyglSB,wimbledon
"RT @caninomag: Hoy no ganamos para disgustos: fallece Ãngel Nadal, creador de â€˜Pascual, criado lealâ€™ https://t.co/wkkXj6Y4qf https://t.co/Tâ€¦",wimbledon
"RT @caninomag: In memoriam: Ha fallecido el historietista Ãngel Nadal, creador de â€˜Pascual, criado lealâ€™ https://t.co/LrM9mPGaEy https://t.â€¦",wimbledon
RT @cap_uan: Tutto ciÃ² Ã¨ Magnifico. Islanda favola di #Euro2016,sport
RT @CapitalFMKenya: Italy dump champions Spain out of #EURO2016 https://t.co/9VrpeYmzNp https://t.co/dVAxGygBCA,sport
RT @capuanogio: Le fatiche di #Conte contro #ESP #EURO2016 #ITA https://t.co/riRqUh8kpZ,sport
RT @capuanogio: Le fatiche di #Conte contro #ESP #EURO2016 #ITA https://t.co/riRqUh8kpZ,sport
RT @chiellini: âš½ğŸ‘ğŸ»ğŸ’™ #ITAESP #Euro2016 ğŸ” https://t.co/8rLQ5oVH96,sport
"RT @chrisfroome: Final training ride before leaving for #TDF2016, had some help keeping my rhythm up the #coldelamadone ğŸ˜„ğŸ‡«ğŸ‡· https://t.co/yNâ€¦",sport
RT @chrisfroome: Follow me on @snapchat - chrisfroome - behind the scenes with @TeamSky at @LeTour #TDF2016 ğŸš²ğŸ‘» https://t.co/NjoAYnYsBR,sport
RT @chrisfroome: Follow me on @snapchat - chrisfroome - behind the scenes with @TeamSky at @LeTour #TDF2016 ğŸš²ğŸ‘» https://t.co/NjoAYnYsBR,sport
"RT @Christy_Home: RT for a chance to #WIN a #Wimbledon Mens Championship Towel, ends 30/06 T&amp;C's: https://t.co/ssrd2BB8RA. https://t.co/Xk6â€¦",wimbledon
"RT @Christy_Home: RT for a chance to #WIN a #Wimbledon Mens Championship Towel, ends 30/06 T&amp;C's: https://t.co/ssrd2BB8RA. https://t.co/Xk6â€¦",wimbledon
"RT @CiclismoInter: EXCLUSIVA: Jarlinson Pantano: ""He dado un paso adelante para el Tour de France"" https://t.co/8jClatv3Z8 #TDF2016 https:/â€¦",sport
RT @ConcordeSexy: Gagnez le maillot de @myalorenn et d'@Alexia_Chuck. Rendez-vous sur #FB https://t.co/m4e2azHbrC #EURO2016 #FRA https://tâ€¦,sport
"RT @CoolingBreakTV: La foto del #ITA vs #ESP Probablemente, los mas grandes de la historia: Iker Casillas y Gigi Buffon #EURO2016 https:/â€¦",sport
RT @CRUKShops: With the start of #Wimbledon it's great to see our shops getting superstar support! https://t.co/W5Q8O442SD,wimbledon
RT @Cyclingnewsfeed: Contador: Winning the Tour de France is the only thing on my mindhttps://t.co/ELZrAVUOIa https://t.co/kQ4dL1ij1A,sport
RT @daraobriain: This week's Mock The Week will be four hours long and still won't have time for Andy Murray's alien abduction and the Queeâ€¦,wimbledon
RT @DeporVito: Â¡RÃ‰CORD DEL MAESTRO! Federer avanzÃ³ a segunda ronda en Wimbledon tras vencer a Guido Pella ğŸ‘‰https://t.co/K79faJkPNl https://â€¦,wimbledon
RT @DeporVito: Â¡RÃ‰CORD DEL MAESTRO!Federer avanzÃ³ a segunda ronda en Wimbledon tras vencer a Guido Pella https://t.co/K79faJkPNl https://tâ€¦,wimbledon
"RT @DerbyshireCCC: Wayne Madsen is now the top scorer across the two @CountyChamp divisions in 2016. Not bad eh, @englandcricket? #P2bD httâ€¦",sport
"RT @dominicworrall: Game, Set and Match to Serena Williams #Wimbledon #SerenaWilliams ğŸ¾ https://t.co/l8ojYDK30b",wimbledon
RT @EFIAcom: å…ˆç¨‹ã€ã‚·ãƒ£ã‚­ãƒªãŒæ±ºã‚ãŸã‚¹ãƒ¼ãƒ‘ãƒ¼ãƒã‚¤ã‚·ã‚¯ãƒ«ã‚´ãƒ¼ãƒ«ãŒè©±é¡Œã«#EURO2016 #SUI https://t.co/z2qhGohEXi,sport
RT @Eidur22Official: Staying in france for a while #EURO2016 #AframIsland,sport
RT @England: ğŸ¥ Roy Hodgson issues statement following #ENG's exit from #Euro2016 https://t.co/Pif0powJjV via @PatoCornejo,sport
RT @esmuellert_: Quarterfinal - we are coming ğŸ˜€ 3:0 against Slovakia #GERSVK #EURO2016 #diemannschaft #firstneverfollows #esmuellert https:â€¦,sport
RT @ESPNtenis: #WimbledonxESPN Serena Williams avanza a segunda ronda; juega MÃ³nica Puig https://t.co/rbivVhvMT7,wimbledon
RT @ESPNtenis: #WimbledonxESPN Serena Williams avanza a segunda ronda; juega MÃ³nica Puig https://t.co/rbivVhvMT7,wimbledon
"RT @EURO2016: #EURO2016 #BEL #WALBEL @BelRedDevils25 ans aujourd'hui, et l'avenir devant lui... HB @DeBruyneKev ;-) https://t.co/wwstpkBwh5",sport
RT @EURO2016: #GER et #POR derniers rescapÃ©s du top 5 des rois de la possession #EURO2016 https://t.co/RmDUiCy84Z,sport
RT @EURO2016: Le top 3 des buteurs de #EURO2016 https://t.co/P1HwaPTMHD,sport
RT @F1: ğŸ‡ºğŸ‡¸ Dan Gurney scored ğŸ‡¬ğŸ‡§ team Brabhamâ€™s first #F1 win #OnThisDay in 1964 at the ğŸ‡«ğŸ‡· GP (ğŸ“·) ğŸ‘ğŸ» https://t.co/YNOkKQTPbC,sport
RT @FCB_MSN1: ã€EURO2016ã€‘ã‚¤ã‚¿ãƒªã‚¢ç›¸æ‰‹ã«ãƒ‡ãƒ»ãƒ˜ã‚¢ãŒå¥½ã‚»ãƒ¼ãƒ–é€£ç™º https://t.co/UuV1SVBS5U,sport
RT @Fini_golosinas: Â¡Compensemos la derrota en la #EURO2016 !SÃ­guenos + RT + menciona a un amigo.Â¡Solo hoy ponemos en juego 2 cajones! htâ€¦,sport
"RT @FootballFact101: If they ever tell my storyLet them say I lived in the time of Leicester, EPL winnersLet them say, I lived in time ofâ€¦",sport
RT @FootballFunnys: Best 27 seconds of #Euro2016. Amazing team spirit and support from their fans! https://t.co/T3Kvm3dv4j,sport
RT @Footballogue: [#EURO2016] Lâ€™incroyable accueil des Irlandais du nord pour le retour de leur Ã©quipe au pays !via @WillGriggFirehttps:/â€¦,sport
RT @Footballogue: [#EURO2016] Lâ€™incroyable accueil des Irlandais du nord pour le retour de leur Ã©quipe au pays !via @WillGriggFirehttps:/â€¦,sport
RT @Footballogue: [#EURO2016] Lâ€™incroyable accueil des Irlandais du nord pour le retour de leur Ã©quipe au pays !via @WillGriggFirehttps:/â€¦,sport
RT @Footballogue: [#EURO2016] Lâ€™incroyable accueil des Irlandais du nord pour le retour de leur Ã©quipe au pays !via @WillGriggFirehttps:/â€¦,sport
RT @Footballogue: [#EURO2016] Lâ€™incroyable accueil des Irlandais du nord pour le retour de leur Ã©quipe au pays !via @WillGriggFirehttps:/â€¦,sport
RT @Footballogue: [#EURO2016] Lâ€™incroyable accueil des Irlandais du nord pour le retour de leur Ã©quipe au pays !via @WillGriggFirehttps:/â€¦,sport
RT @Footballogue: [#EURO2016] Lâ€™incroyable accueil des Irlandais du nord pour le retour de leur Ã©quipe au pays !via @WillGriggFirehttps:/â€¦,sport
RT @Footballogue: [#EURO2016] La joie des #WAL aprÃ¨s l'Ã©limination de l'#ENG ! Via @infosportplus https://t.co/mPPL3vElPz,sport
"RT @Footballogue: [#EURO2016] Part d'audience de #ENG - #ISL Ã  la tÃ©lÃ©vision islandaise : 99,8% ! ğŸ‡®ğŸ‡¸ğŸ‡®ğŸ‡¸ğŸ‡®ğŸ‡¸Via @jeromegodefroy https://t.co/â€¦",sport
"RT @Footballogue: [#EURO2016] Part d'audience de #ENG - #ISL Ã  la tÃ©lÃ©vision islandaise : 99,8% ! ğŸ‡®ğŸ‡¸ğŸ‡®ğŸ‡¸ğŸ‡®ğŸ‡¸Via @jeromegodefroy https://t.co/â€¦",sport
"RT @footballspe: { #EURO2016 } De Gea :""J'ai rÃ©alisÃ© plusieurs parades, mais elles n'ont servi Ã  rien.""#ESP https://t.co/GoU1VetxCP",sport
RT @FootWag: La #CRO me manque dÃ©jÃ  dans cet #EURO2016 https://t.co/ZNUmaaciNT,sport
RT @Footy_Vines: Joe Hart at #Euro2016. #ENG  https://t.co/AnMr96iVCy,sport
RT @Forthglade: Who stole all the balls? @Forthglade us a snap of your pooch getting ready for @Wimbledon to win FG goodies! https://t.co/Dâ€¦,wimbledon
RT @franciungaro: #Euro2016: #ItaliaSpagna Ã¨ boom anche sui #socialmedia https://t.co/PTNexI3cgD via @franzrusso https://t.co/Z4fxZNjrjC,sport
"RT @from_thestands: Will Grigg returns to Northern Ireland a hero,despite not playing a single minute at #EURO2016https://t.co/hdwjxMYoAm",sport
RT @garnekmedia: Best 35 seconds in #EURO2016 #ENGICE https://t.co/UUa5fAbiIw,sport
RT @GeT_RiGhTcs: LagerbÃ¤ck still hasn't lost a game against England #EURO2016,sport
RT @GissiSim: â€œYou can leave Europe! You can go wherever the hell you want!â€Icelandic commentator after win. Voice of #Euro2016 https://tâ€¦,sport
RT @GissiSim: â€œYou can leave Europe! You can go wherever the hell you want!â€Icelandic commentator after win. Voice of #Euro2016 https://tâ€¦,sport
RT @GissiSim: PT: Many people have asked me to do a translation of this. Here you go.#ISL vs. #ENG #Euro2016 https://t.co/s96x0PWp46,sport
"RT @GodivaUK: Indulge in a cone of Godiva dipped strawberries this #Wimbledon! RT &amp; follow to #win, winners at 12pm 04/07 https://t.co/R5ONâ€¦",wimbledon
"RT @GodivaUK: Indulge in a cone of Godiva dipped strawberries this #Wimbledon! RT &amp; follow to #win, winners at 12pm 04/07 https://t.co/R5ONâ€¦",wimbledon
"RT @goitiatenis: GENIAL: Federer igualÃ³ en Wimbledon su rÃ©cord de victorias en un Grand Slam, al llegar a 80, como tiene en Australia httpsâ€¦",wimbledon
RT @GPRightNow: Rosberg says Austria specialists Williams are main threat to Mercedes this weekend: https://t.co/vTeQ62qgIE#F1 https://t.câ€¦,sport
RT @GVinoso: #DelPotro is dominating vs #Robert . He takes the first set 6-1. #Wimbledon,wimbledon
"RT @hmindia: Gents, get into the spirit of #Wimbledon with an outfit worthy of Centre Court! #HMIndia #HMFashion https://t.co/KXxpbCLhSp",wimbledon
RT @hotdog6969: Marcus Willis' mum declares her son 'the Jamie Vardy of tennis'   https://t.co/8F7efggUvw,wimbledon
"RT @huwsilk: Great stat: of the 24 teams at #EURO2016, only #WAL and #ISL have scored in every game #minnows",sport
RT @ibisbudget_FR: [#Concours] RT+follow pour tenter de gagner 1 tablette afin de ne rien manquer du #TDF2016 https://t.co/Joe5VbLkUl httpsâ€¦,sport
RT @ibisHotels_FR: RT + follow pour tenter de gagner 1 tablette afin de suivre la #Teamibis sur le #TDF2016 &gt; https://t.co/dPVro8jedn httpsâ€¦,sport
RT @ibisStyles_FR: RT + follow si vous en avez sous la pÃ©dale ! ğŸš´ 1 tablette Ã  gagner pour suivre le #TDF2016 https://t.co/G5PY8VBXvo httpâ€¦,sport
"RT @icelandfootball: HAHAHA! How the Icelandic national team was picked, this is absolutely hilarious!! #football #Iceland #Euro2016 https:â€¦",sport
"RT @icelandfootball: HAHAHA! How the Icelandic national team was picked, this is absolutely hilarious!! #football #Iceland #Euro2016 https:â€¦",sport
"RT @icelandfootball: HAHAHA! How the Icelandic national team was picked, this is absolutely hilarious!! #football #Iceland #Euro2016 https:â€¦",sport
"RT @icelandfootball: HAHAHA! How the Icelandic national team was picked, this is absolutely hilarious!! #football #Iceland #Euro2016 https:â€¦",sport
"RT @icelandfootball: HAHAHA! How the Icelandic national team was picked, this is absolutely hilarious!! #football #Iceland #Euro2016 https:â€¦",sport
"RT @InfoPique: #EURO2016 Sasha con @carlosvives, @Shakira, Milan y mÃ¡s familiares https://t.co/nIobo5GpqE",sport
RT @Inter: Complimenti a @Edercitadin7 e all'#ITA! Avanti cosÃ¬! ğŸ’ªğŸ”µğŸ‡®ğŸ‡¹ #ForzaAzzurri #ItaliaSpagna #EURO2016 https://t.co/bpPwMPWhJ4,sport
RT @JanKanaty: F1ã®å¥³å­ã‚’è¥²ã†F2ã®å…ˆè¼©ã®å›³ https://t.co/uj5fD9EVSm,sport
RT @JanKanaty: F1ã®å¥³å­ã‚’è¥²ã†F2ã®å…ˆè¼©ã®å›³ https://t.co/uj5fD9EVSm,sport
"RT @jinksthecat1: I'm getting in shape, ready for #Wimbledon ğŸ¾ ! Have a great Monday #CatsOfTwitter â¤ï¸ğŸ¾ https://t.co/0UgFflYRHS",wimbledon
"RT @JOEdotie: WATCH: Channel 4 capture the deplorable behaviour of some England ""fans"" at #Euro2016 https://t.co/tmJRZtw1Vu",sport
RT @jose_garde: The Amazing Ways Big Data And Analytics Are Used At Wimbledon 2016 via @forbes https://t.co/aSqqTihrlF #BigData #Analytics,wimbledon
"RT @JustSeeReal: ArrÃªtez avec ""N Golo KantÃ©"", mes oreilles saignent... #Prononciation #EDF #EURO2016 @beinsports_FR @telefoot_TF1 @M6 httpsâ€¦",sport
RT @Kate_s_b1: I cannot wait for the day I'll be sitting on #TheHill at @Wimbledon,wimbledon
RT @Kathbum: #Wimbledon @evianwater ğŸ‘ŒğŸ¾ https://t.co/Q9LPDCtyx1,wimbledon
"RT @KenGude: Man, my English, pro-European, Labour friends are really taking it on the chin. Hang in there. #EngVIce #EURO2016 #Brexit #Corâ€¦",sport
"RT @kevinanderson18: Thanks to GOOD people out there who stick with me through this tough year. My #Wimbledon is done, looking forward to Uâ€¦",wimbledon
"RT @Koningin_BE: Landgenoten, de Ã©chte 12de man : @Stromae en de vrouwen .. .#HUNBEL #HUN #BEL #EURO2016 #GERSLO#OnzeGroet ã€½ï¸ğŸ‡¹ğŸ‡©ğŸ‡ªğŸ‡º https:â€¦",sport
RT @la_patilla: Djokovic inicia defensa de su tÃ­tulo en Wimbledon con sÃ³lido triunfo     https://t.co/6B327X0Her,wimbledon
RT @ladh: #WALBEL dix raisons de croire quâ€™ @hazardeden10 va le refaire ! https://t.co/HY2AjhIIql #EURO2016 https://t.co/yqGJbxHzvK,sport
RT @LibrACTU: #Sport: Tennis - Wimbledon - Serena Williams qualifiÃ©e sans encombre:  https://t.co/J5SR9KYyPu,wimbledon
RT @lparbitrofutbol: El equipo arbitral espaÃ±ol encabezado por Velasco Carballo tambiÃ©n ha sido eliminado de la #EURO2016 En mi opiniÃ³n;â€¦,sport
"RT @LRubinska: #Wimbledon: @picomonaco venciÃ³ en 4 sets al JaponÃ©s Taro Daniel, fue 7/5, 4/6, 6/3 y 6/2 para el Tandilense. https://t.co/S8â€¦",wimbledon
"RT @luscombedrinks: #Wimbledon has started! To celebrate we're giving away a pack of #StrawberryCrush, RT&amp;Follow for your chance to #win htâ€¦",wimbledon
"RT @Maico_Italia: #Italia, senti che bello! #EURO2016 #ItaliaSpagna #ITA #ESP https://t.co/wa5sUo9SBg",sport
RT @Maico_Italia: Siamo tutti con le orecchie tese e gli occhi puntati su #ItaliaSpagna. #Euro2016  #ITA vs #ESP #Forzaazzurri! https://t.câ€¦,sport
RT @MailSport: Serena Williams through to second round of #Wimbledon with 6-2 6-4 win over Arma Sadikovic https://t.co/jEqYlufIQ6 https://tâ€¦,wimbledon
"RT @ManUtd: Itâ€™s Schweinsteiger v Darmian on Saturday, with five #mufc stars still involved in #Euro2016 https://t.co/vB04dxrssz https://t.â€¦",sport
"RT @ManUtd: Itâ€™s Schweinsteiger v Darmian on Saturday, with five #mufc stars still involved in #Euro2016 https://t.co/vB04dxrssz https://t.â€¦",sport
"RT @ManUtd: Itâ€™s Schweinsteiger v Darmian on Saturday, with five #mufc stars still involved in #Euro2016 https://t.co/vB04dxrssz https://t.â€¦",sport
RT @martin_oneill: Boris Johnson has just guaranteed that #England still have full access to #EURO2016 (h/t Ofra Magidor)#Brexit #BorisJâ€¦,sport
RT @MattiaBriga: GODO COME UN BASTARDO ğŸ‡®ğŸ‡¹#ITA - #SPA | #Euro2016@Vivo_Azzurro | @azzurri,sport
RT @MayfairMagazine: What better way to celebrate the start of #Wimbledon than having a tennis-inspired #afternoontea at @TheDorchester httâ€¦,wimbledon
RT @MCFC: Good luck to City fan @Liambroady who's about to  take on @andy_murray at @Wimbledon! ğŸ”µâšªï¸ğŸ¾,wimbledon
RT @MessiahHallberg: Man blir aldrig profet i sitt eget land vÃ¤l? #lagerbÃ¤ck #EURO2016 https://t.co/K2w19xZaoY,sport
RT @MesutOzil1088: Recharging our batteries for the upcoming big match on Saturday! ğŸ‘ğŸ˜‰ #DieMannschaft #lunch #Euro2016 #GER https://t.co/KVâ€¦,sport
RT @MesutOzil1088: Recharging our batteries for the upcoming big match on Saturday! ğŸ‘ğŸ˜‰ #DieMannschaft #lunch #Euro2016 #GER https://t.co/KVâ€¦,sport
RT @MesutOzil1088: Recharging our batteries for the upcoming big match on Saturday! ğŸ‘ğŸ˜‰ #DieMannschaft #lunch #Euro2016 #GER https://t.co/KVâ€¦,sport
RT @MesutOzil1088: Recharging our batteries for the upcoming big match on Saturday! ğŸ‘ğŸ˜‰ #DieMannschaft #lunch #Euro2016 #GER https://t.co/KVâ€¦,sport
RT @MesutOzil1088: Recharging our batteries for the upcoming big match on Saturday! ğŸ‘ğŸ˜‰ #DieMannschaft #lunch #Euro2016 #GER https://t.co/KVâ€¦,sport
RT @MesutOzil1088: Recharging our batteries for the upcoming big match on Saturday! ğŸ‘ğŸ˜‰ #DieMannschaft #lunch #Euro2016 #GER https://t.co/KVâ€¦,sport
RT @MM_eurosportfr: Le journaliste @tancredipalmeri sur le 2e but italien... Fou. #ITAESP #EURO2016 https://t.co/wBg7SWSNf7,sport
RT @mohitfreedom: Will #Polska beat #Portugal in #Euro2016?,sport
RT @mohitfreedom: Will #Polska beat #Portugal in #Euro2016?,sport
RT @mohitfreedom: Will #Polska beat #Portugal in #Euro2016?,sport
RT @mohitfreedom: Will #Polska beat #Portugal in #Euro2016?,sport
RT @mohitfreedom: Will #Polska beat #Portugal in #Euro2016?,sport
RT @mohitfreedom: Will #Polska beat #Portugal in #Euro2016?,sport
RT @MorningNewsTV3: 'à¸­à¸±à¸‹à¸‹à¸¹à¸£à¸µ' à¹€à¸Šà¸·à¸­à¸”à¸™à¸´à¹ˆà¸¡ 'à¸à¸£à¸°à¸—à¸´à¸‡à¸”à¸¸' à¸•à¸šà¹€à¸—à¹‰à¸²à¸£à¸­à¸š 8 à¸—à¸µà¸¡à¸”à¸§à¸¥à¸­à¸´à¸™à¸—à¸£à¸µà¹€à¸«à¸¥à¹‡à¸ #EURO2016 #à¹€à¸£à¸·à¹ˆà¸­à¸‡à¹€à¸¥à¹ˆà¸²à¹€à¸Šà¹‰à¸²à¸™à¸µà¹‰ #à¸¢à¸¹à¹‚à¸£2016 https://t.co/xPiKG4â€¦,sport
RT @MsportExtra: #F1 Tyre choices for the #BritishGP @SilverstoneUK #MsportXtra https://t.co/lZ11WSnWLI,sport
RT @neramadrid1: ØºØ§Ø±ÙŠØ« Ø¨ÙŠÙ„ ØµØ§Ù†Ø¹ ÙØ±Ø­Ø© Ø§Ù„ÙˆÙŠÙ„Ø²ÙŠÙ†  Ù„Ø§Ø¹Ø¨ ØµÙ†Ø¹ Ø§Ù„ØªØ§Ø±ÙŠØ® ÙˆØ§Ù„Ù…Ø¬Ø¯ Ù„Ø¨Ù„Ø§Ø¯Ù‡ Ø¨Ø£Ù‚Ø¯Ø§Ù…Ù‡#EURO2016 #WAL https://t.co/b1Ky6LVEQn,sport
RT @newsflicks: It's day 2 of #Wimbledon and here are few interesting facts from the tournament https://t.co/FWomljbkO4 https://t.co/KAX3pdâ€¦,wimbledon
RT @NoNoah113: 1999 European Grand Prix #F1 https://t.co/FjWPY5yRsM,sport
RT @NoNoah113: à­¨à­§á•¼á—©á‘­á‘­Y á—·Iá–‡Tá•¼á—á—©Yà­¨à­§ Nicoâ—ï¸#F1 https://t.co/XwGAAxUkGs,sport
RT @Oddsfan: Husk at du kan se Wozniacki vs. Kuznetsova i Wimbledon gratis hos Unibet https://t.co/Xq7o8yDh7q #betdk #wimdk #tennisdk,wimbledon
RT @officialdaddymo: Poundland 1 Iceland 2 #EURO2016,sport
RT @officialpes: Still time to grab a round of 16 #EURO2016 star before the QF matches start. Don't miss out! #PES2016 #myClub https://t.coâ€¦,sport
RT @Oloni: COME ON SERENA!!! #Wimbledon,wimbledon
"RT @opperbaccoUK: Celebrate Italy's win against Spain with us! Retweet for a chance to win a gift! (mainland England only, 18+) #EURO2016",sport
RT @OptaJean: 1 - @mbatshuayi (#BEL) est le seul joueur de Ligue 1 Ã  avoir marquÃ© dans cet #EURO2016. Diable. @OM_Officiel https://t.co/CVkâ€¦,sport
RT @PassionFootClub: Quand les joueurs du Pays de Galles voient que l'Angleterre s'est fait Ã©liminer de l'#EURO2016 ! (@90thMin) https://t.â€¦,sport
RT @PerryBoone: UN'ITALIA EPICA BATTE LA SPAGNA E NOI TUTTI COSÃŒ: #ItaliaSpagna #EURO2016 https://t.co/eSaphOdZH3,sport
RT @photosofootball: Will Grigg returns to Northern Ireland a hero! #WillGriggsOnFire #NIR #EURO2016  https://t.co/JeBAzQTs7r,sport
"RT @pierrebrt: Avec @Willvs, on vous compare les quarts-de-finalistes de lâ€™#Euro2016 Ã  la sauce jeux video. https://t.co/G6v7WuPa3B https:/â€¦",sport
"RT @PierreMenes: Eh les gars, l'Islande c'est le Angers SCO... Faut apprÃ©cier mais pas surestimer ! #EURO2016 #FRA #ISL @YahooSportFR httpsâ€¦",sport
"RT @PierreMenes: Eh les gars, l'Islande c'est le Angers SCO... Faut apprÃ©cier mais pas surestimer ! #EURO2016 #FRA #ISL @YahooSportFR httpsâ€¦",sport
RT @playfulbet: ğŸ™Œ El Meme que lo estÃ¡ petando ğŸ’£ğŸ‘‰ AsÃ­ se hizo la convocatoria de #ISL #Euro2016â¡ Por descartes ğŸ˜‚ğŸ˜‹ğŸ˜œğŸ˜#Playfulbet ğŸ® https:â€¦,sport
RT @premierleague: He's still chasing glory at #Euro2016 with #ITA - but what will Antonio Conte achieve next season with @ChelseaFC? httpsâ€¦,sport
RT @premierleague: He's still chasing glory at #Euro2016 with #ITA - but what will Antonio Conte achieve next season with @ChelseaFC? httpsâ€¦,sport
RT @premierleague: He's still chasing glory at #Euro2016 with #ITA - but what will Antonio Conte achieve next season with @ChelseaFC? httpsâ€¦,sport
RT @premierleague: He's still chasing glory at #Euro2016 with #ITA - but what will Antonio Conte achieve next season with @ChelseaFC? httpsâ€¦,sport
RT @ProSieben: Unser Motto des Tages. Wecke den IslÃ¤nder in dir. #ISL #Euro2016 #EM,sport
RT @RalphLauren: Polo adds first eyewear to official #Wimbledon on-court uniform. No better day than sunny #NationalSunglassesDay https://tâ€¦,wimbledon
RT @Rarosemena11: QUE EMOCIÃ“N!!! La peculiar y emotiva celebraciÃ³n de #ICE en su clasificaciÃ³n en la #EURO2016 Â¿QuÃ© tal? https://t.co/o9igyâ€¦,sport
RT @RebelWilson: Being in the Royal Box at opening day of Wimbledon is about the classiest thing imaginable. Having such a grand time httpsâ€¦,wimbledon
RT @RebelWilson: Being in the Royal Box at opening day of Wimbledon is about the classiest thing imaginable. Having such a grand time httpsâ€¦,wimbledon
"RT @RogerFedererPy_: Roger Federer alcanzÃ³ la victoria NÂ° 1076 de su carrera, la 303Â° en GS, la 80Â° en Wimbledon y la 17Â° del aÃ±o. https://â€¦",wimbledon
RT @RTS_Sport: #Wimbledon: @troicki_viktor u tri seta do drugog kola &gt;&gt; https://t.co/UdgfsK4yhy #rtsvesti https://t.co/HpgVyhJciC,wimbledon
RT @rukino_f1: ã€ãƒ¡ãƒ³ãƒãƒ¼&amp;ã‚«ãƒ¡ãƒ©ãƒãƒ³å‹Ÿé›†ã€‘10/23(æ—¥)ã«ãŠè“å­ã®åŸã§ç‹ã®é¨è¡Œä½µã›ã‚’ã™ã‚‹ã«ã‚ãŸã‚Šã€é¬¼é¾ã¨åµã€ã‚«ãƒ¡ãƒ©ã•ã‚“ã‚’å‹Ÿé›†ã—ã¦ã„ã¾ã™ï¼åµã¯ä¿ç•™ã®æ–¹ãŒã„ã¾ã™ãŒç¢ºå®Ÿã®æ–¹ã‚’å„ªå…ˆã—ã¾ã™ã€‚äºŒæšç›®ã®æ¡ä»¶ã‚’èª­ã‚“ã ä¸Šã§ãƒªãƒ—orDMã‚’ãŠé¡˜ã„ã—ã¾ã™ï¼(Wä¸»å‚¬) https:/â€¦,sport
RT @rukino_f1: ã€ãƒ¡ãƒ³ãƒãƒ¼&amp;ã‚«ãƒ¡ãƒ©ãƒãƒ³å‹Ÿé›†ã€‘11/20ã«ã‚ã‚“ã‚¹ã‚¿ã®4ãƒ¦ãƒ‹ãƒƒãƒˆã®ä½µã›ã§ã€ãƒ¡ãƒ³ãƒãƒ¼ã¨ã‚«ãƒ¡ãƒ©ãƒãƒ³ã•ã‚“ã‚’å‹Ÿé›†ã—ã¦ãŠã‚Šã¾ã™ã€‚ä¿ç•™ãƒ¡ãƒ³ãƒãƒ¼ã¯ä¿ç•™ã®æ–¹ã®äºˆå®šãŒåˆ†ã‹ã‚Šæ¬¡ç¬¬ãŠå£°ãŒã‘ã§ã‚ˆã‚ã—ã‘ã‚Œã°ãã®ã‚ˆã†ã«ãƒªãƒ—orDMãã ã•ã„ã€‚*å‚åŠ è€…ã®ç›¸äº’ã•ã‚“å„ªå…ˆ https:/â€¦,sport
"RT @rvan92colombes: @maria_andy2 DerniÃ¨re nouvelle : Andy Murray Brexit du tournoi de Wimbledon ! Ca commence Ã  bien faire, Forget demissioâ€¦",wimbledon
"RT @SC_ESPN: #WIMBLEDONxESPN Nick Kyrgios debutÃ³ con victoria: le ganÃ³ 6-4, 6-3, 6-7 y 6-1 a Stepanek. JugarÃ¡ ante Dustin Brown. https://t.â€¦",wimbledon
"RT @SchmoogyBoo: #wimbledon I know the commentary box is small, but it never sounded as such before &amp; Sue &amp; the spectators sound like theyâ€¦",wimbledon
RT @scottquigg: Good luck to my mate @Liambroady playing @Wimbledon today against @andy_murray go out there and enjoy the experience. #Wimbâ€¦,wimbledon
RT @serenapower_: â€¢ 80th #Wimbledon winâ€¢ 298th Grand Slam win1 DOWN 6 TO GO @serenawilliams https://t.co/tMYKlAeQC1,wimbledon
"RT @SI_Tennis: Serena Williams defeats Swiss qualifier Amra Sadikovic 62, 64 in her opening match. Plays American Christina McHale next. #Wâ€¦",wimbledon
"RT @SkyFootball: From Piers Morgan to @Cara23, here's how famous faces reacted to #England's #Euro2016 exit https://t.co/FGbWCjttyu https:/â€¦",sport
RT @SMM_sportradio: à¹‚à¸›à¸£à¹à¸à¸£à¸¡ #EURO2016 à¸£à¸­à¸šà¸à¹ˆà¸­à¸™à¸£à¸­à¸‡à¸Šà¸™à¸°à¹€à¸¥à¸´à¸¨à¸ª. 2 à¸.à¸„. 02.00 à¸™. à¹€à¸¢à¸­à¸£à¸¡à¸™à¸µ - à¸­à¸´à¸•à¸²à¸¥à¸µà¸­à¸². 3 à¸.à¸„. 02.00 à¸™. à¸à¸£à¸±à¹ˆà¸‡à¹€à¸¨à¸ª - à¹„à¸­à¸‹à¹Œà¹à¸¥à¸™à¸”à¹Œ https:â€¦,sport
RT @SoccerKingJP: ğŸ‡®ğŸ‡¹è©¦åˆå‰è«‡è©±ğŸ‡®ğŸ‡¹ãƒ–ãƒƒãƒ•ã‚©ãƒ³ã€ç‹è€…ã‚¹ãƒšã‚¤ãƒ³æ’ƒç ´ã«è‡ªä¿¡ã€Œä¸å¯èƒ½ãªãƒŸãƒƒã‚·ãƒ§ãƒ³ã§ã¯ãªã„ã€https://t.co/cP1UJemtmw27æ—¥ã«è¡Œã‚ã‚Œã‚‹ #EURO2016 æ±ºå‹T1å›æˆ¦ã§ã€ã‚¤ã‚¿ãƒªã‚¢ã¯å‰å›ç‹è€…ã‚¹ãƒšã‚¤ãƒ³ã¨å¯¾æˆ¦ã—ã¾ã™ã€‚ https:â€¦,sport
RT @sondage_de_FDP: Hey les anglais c'est quoi sa?? Les autres dites rien #Brexit #EURO2016 #ANGISL https://t.co/G8ixrGrR8O,sport
RT @Spi0n: RÃ©sumÃ© du match Islande vs Angleterre #Euro2016 https://t.co/KLxnPLADCh,sport
RT @Spi0n: RÃ©sumÃ© du match Islande vs Angleterre #Euro2016 https://t.co/KLxnPLADCh,sport
RT @Squawka: Most assists at #EURO2016 Kevin De Bruyne (2)Eden Hazard (2)Aaron Ramsey (2)All Premier League players. https://t.co/aITâ€¦,sport
"RT @Strattonshotel: Lots joining us4our #Wimbledon #afternoontea 2day, u can still bookin with24hrs notice until10thJuly @eatatstrattons htâ€¦",wimbledon
"RT @STsportsdesk: #Wimbledon: Six-time champ @serenawilliams wins 6-2, 6-4 against Swiss world No. 156 #AmraSadikovic. https://t.co/xoToREwâ€¦",wimbledon
"RT @StuCowan1: Canada's Vasek Pospisil loses first round match at @Wimbledon 6-4, 3-6, 6-3, 6-4 to Spain's Albert Ramos-Vinolas",wimbledon
RT @SundayChants: This England fans goes on a rant during the game last night. #ENG #EURO2016 https://t.co/hwdYf5z97f,sport
RT @Surf_Photo: Tues: Murray exits Wimbledon Weds: Stonehenge falls overThurs: Bond actually working for RussiansFri: Tea bad for you#Bâ€¦,wimbledon
RT @SwansOfficial: Ashley Williams pictured in #WAL  training today ahead of Friday's #EURO2016 quarter-final with @Belgianfootball https:/â€¦,sport
RT @SwearingSport: England's #EURO2016 highlights! What a fucking nation we are #Eng https://t.co/HhflmMZf2n,sport
RT @talkSPORT: Chinese Super League clubs â€˜would loveâ€™ Roy Hodgson as manager https://t.co/S3AqzK2RVF #ENG #Euro2016 https://t.co/rkmMlL6XG8,sport
"RT @tdn_twit: #EURO2016Tras la derrota y eliminaciÃ³n ante Islandia, Roy Hodgson dimitiÃ³ como DT de Inglaterra. https://t.co/FtVAZxUj9J",sport
RT @TeamCRonaldo: Cristiano Ronaldo joined #POR's first training session ahead of the #Euro2016 Quarter Final vs #POL. #ForÃ§aPortugal httpsâ€¦,sport
RT @TeleFootball: Will Grigg welcomed back as a hero in #NIR - despite not playing a single minute of football at #EURO2016https://t.co/k4â€¦,sport
RT @TelegraphSport: Andy Murray breaks fellow Brit Liam Broady at the first time of askinghttps://t.co/DNmbcEQ95v https://t.co/4x8zLoEaHe,wimbledon
RT @tennis_photos: #Arsenal goalkeeper Petr Cech smiles as he watches his friend Radek Stepanek in action vs Nick Kyrgios. #Wimbledon httpsâ€¦,wimbledon
"RT @themarketsniper: Iceland team selection EURO2016, just loving this meme, Brexit https://t.co/YG3HYKGIqa",sport
"RT @themarketsniper: Iceland team selection EURO2016, just loving this meme, Brexit https://t.co/YG3HYKGIqa",sport
RT @theodupontet: Une pensÃ©e Ã  ce supporter... #EURO2016 #ANGISL #ENGISL https://t.co/6aoZg6qBqu,sport
RT @theodupontet: Une pensÃ©e Ã  ce supporter... #EURO2016 #ANGISL #ENGISL https://t.co/6aoZg6qBqu,sport
RT @TheReal_Mags: @BBCSport @BBC is it just me or is the sound on @Wimbledon coverage a bit stuttery?,wimbledon
RT @TheVampsJames: Well done #Iceland ... You deserved that. #EURO2016,sport
RT @Tocapilotes: Creeis que #ISL pueder repetir en la #Euro2016 lo que hizo el Leicester en la premier?,sport
"RT @tomhanksmyking: nadal rozpaczam nad tym,Å¼e rybki nie mogÄ… byÄ‡ wrÃ³Å¼kami https://t.co/VA6dTYedQK",wimbledon
RT @tousuncotefoot: 3 places pour #Wal #Bel Ã  gagner ! âš½ï¸Pour jouer :- Suis @tousuncotefoot- RT#CÃ´tÃ©Foot #EURO2016cc @ca_ndf https:/â€¦,sport
RT @tousuncotefoot: 3 places pour #Wal #Bel Ã  gagner ! âš½ï¸Pour jouer :- Suis @tousuncotefoot- RT#CÃ´tÃ©Foot #EURO2016cc @ca_ndf https:/â€¦,sport
RT @tousuncotefoot: 3 places pour #Wal #Bel Ã  gagner ! âš½ï¸Pour jouer :- Suis @tousuncotefoot- RT#CÃ´tÃ©Foot #EURO2016cc @ca_ndf https:/â€¦,sport
RT @tousuncotefoot: Les buts de l'@equipedefrance lors de #FRAIRL :-)#CÃ´tÃ©Foot #EURO2016cc @euro2016 @AntoGriezmannhttps://t.co/VSqRAs7gâ€¦,sport
RT @TurkmenDag1: #Syria #Halep'te Ã§ocuk olmak..BombardÄ±man altÄ±nda biskÃ¼vi satarak hayatta tutunmaktÄ±r. #HalepYanÄ±yor https://t.co/QmhJâ€¦,wimbledon
RT @TwiterosCali: AsÃ­ quedan las llaves para los cuartos de final de la #EURO2016 https://t.co/RJ7ovEEDmO,sport
"RT @UberFootbalI: Just a reminder, Roy Hodgson is the highest paid manager at #EURO2016, earning Â£3.5m per year. https://t.co/qmwX9XGabZ",sport
RT @UberFootbalI: The England player ratings in the Times. #ENG #EURO2016 https://t.co/nhfS0zP2u8,sport
RT @UberFootbalI: The England player ratings in the Times. #ENG #EURO2016 https://t.co/nhfS0zP2u8,sport
"RT @UEFAcom_es: Griezmann, sobre su celebraciÃ³n: ""DebÃ­ haberla hecho en mis dos primeros goles, pero se me olvidÃ³"". #EURO2016 #FRA https://â€¦",sport
RT @UEFAEURO: #GER have never beaten their #EURO2016 quarter-final opponents #ITA in a competitive match (8 attempts). https://t.co/0UZJ1YAâ€¦,sport
RT @UEFAEURO: #GER have never beaten their #EURO2016 quarter-final opponents #ITA in a competitive match (8 attempts). https://t.co/0UZJ1YAâ€¦,sport
RT @UEFAEURO: #GER have never beaten their #EURO2016 quarter-final opponents #ITA in a competitive match (8 attempts). https://t.co/0UZJ1YAâ€¦,sport
RT @UEFAEURO: #GER have never beaten their #EURO2016 quarter-final opponents #ITA in a competitive match (8 attempts). https://t.co/0UZJ1YAâ€¦,sport
RT @UEFAEURO: #ITA fansâ€‹ were rewarded for their passion as @orangeâ€‹ lit up @LaTourEiffel!#EURO2016 @azzurri https://t.co/H9UkdRUUQJ,sport
"RT @UEFAEURO: #OnThisDay in 2012, Mario Balotelli's double helped Italy beat Germany 2-1 in the EURO 2012 semi-finals. #EURO2016 https://t.â€¦",sport
RT @UEFAEURO: CONFIRMED: The #EURO2016 quarter-final schedule. https://t.co/QvEWObeteZ,sport
RT @UEFAEURO: Giaccherini covered 12.97km - the most distance of any player over 90 minutes at #EURO2016 https://t.co/wpNDSYeQrj,sport
"RT @UEFAEURO: Griezmann on his @Drake celebration: ""Against #ALB, I forgot. For the second goal (v #IRL), I remembered."" #EURO2016 https://â€¦",sport
"RT @UEFAEURO: Griezmann: ""When I play in the middle with Coman on the right, I can do more or less what I want."" #EURO2016 #FRA https://t.câ€¦",sport
"RT @UEFAEURO: Happy birthday, Belgium playmaker Kevin De Bruyne! #BEL #EURO2016 https://t.co/NjK9zaWGpk",sport
"RT @UEFAEURO: Happy birthday, Belgium playmaker Kevin De Bruyne! #BEL #EURO2016 https://t.co/NjK9zaWGpk",sport
"RT @UEFAEURO: Suspended for the #EURO2016 quarter-finals:Vermaelen: #BELKantÃ©, Rami: #FRAMotta: #ITA https://t.co/5xm824AR3Z",sport
"RT @UEFAEURO: Suspended for the #EURO2016 quarter-finals:Vermaelen: #BELKantÃ©, Rami: #FRAMotta: #ITA https://t.co/5xm824AR3Z",sport
"RT @UEFAEURO: Suspended for the #EURO2016 quarter-finals:Vermaelen: #BELKantÃ©, Rami: #FRAMotta: #ITA https://t.co/5xm824AR3Z",sport
"RT @UEFAEURO: Suspended for the #EURO2016 quarter-finals:Vermaelen: #BELKantÃ©, Rami: #FRAMotta: #ITA https://t.co/5xm824AR3Z",sport
"RT @UEFAEURO: Suspended for the #EURO2016 quarter-finals:Vermaelen: #BELKantÃ©, Rami: #FRAMotta: #ITA https://t.co/5xm824AR3Z",sport
"RT @UEFAEURO: Suspended for the #EURO2016 quarter-finals:Vermaelen: #BELKantÃ©, Rami: #FRAMotta: #ITA https://t.co/5xm824AR3Z",sport
RT @UltraFootyFans: Will Grigg didn't play a single minute for #NIR at #EURO2016 but he returned a hero. https://t.co/osFpRj6Qdf,sport
RT @Venuseswilliams: I just adore @serenawilliams #Wimbledon dress! â¤ï¸â¤ï¸â¤ï¸,wimbledon
"RT @VilleDeMacon: Pour l'occasion, vous pouvez tÃ©lÃ©charger et imprimer le masque Ã  l'effigie de  @AntoGriezmann ğŸ†âš½ğŸ˜œ #EURO2016 #FRA https://â€¦",sport
RT @VintageMesut_: ONLY ENGLAND COULD EXIT EUROPE TWICE IN ONE WEEK.. #ENG  #EURO2016,sport
RT @VintageMesut_: ONLY ENGLAND COULD EXIT EUROPE TWICE IN ONE WEEK.. #ENG  #EURO2016,sport
RT @Vivo_Azzurro: #EURO2016 Ieri sera anche @LaTourEiffel si Ã¨ vestita coi nostri colori! #ItaliaSpagna #ITAESP https://t.co/ZZBMbQ87FO,sport
RT @Vivo_Azzurro: #EURO2016 Ieri sera anche @LaTourEiffel si Ã¨ vestita coi nostri colori! #ItaliaSpagna #ITAESP https://t.co/ZZBMbQ87FO,sport
RT @Vivo_Azzurro: #EURO2016#ItaliaSpagna I numeri del successo: https://t.co/VFGwIDw7n4#VivoAzzurro #ITAESP https://t.co/J1D4dI2zAM,sport
RT @Vivo_Azzurro: #EURO2016#ItaliaSpagna I numeri del successo: https://t.co/VFGwIDw7n4#VivoAzzurro #ITAESP https://t.co/J1D4dI2zAM,sport
RT @Vivo_Azzurro: #EURO2016#ItaliaSpagna I numeri del successo: https://t.co/VFGwIDw7n4#VivoAzzurro #ITAESP https://t.co/J1D4dI2zAM,sport
RT @Vivo_Azzurro: #EURO2016#ItaliaSpagna I numeri del successo: https://t.co/VFGwIDw7n4#VivoAzzurro #ITAESP https://t.co/J1D4dI2zAM,sport
RT @Vivo_Azzurro: #EURO2016#ItaliaSpagna I numeri del successo: https://t.co/VFGwIDw7n4#VivoAzzurro #ITAESP https://t.co/J1D4dI2zAM,sport
RT @vspillebout: @ChristofDugarry : j'adore le #TGVParis-bordeaux #ILoveTGV #euro2016 @RPicard_SNCF @ibascou https://t.co/Wjz8qDrvrn,sport
"RT @vspillebout: CÃ©lÃ©brons ensemble le Partenariat #euro2016, valeurs de solidaritÃ© et de service ! @RPicard_SNCF @ChristofDugarry https://â€¦",sport
RT @WeAreTennis: Is it the #hotshot of the tournament already by @NickKyrgios? #Wimbledon https://t.co/hi4fgWYYJu,wimbledon
RT @WeAreTennis: Is it the #hotshot of the tournament already by @NickKyrgios? #Wimbledon https://t.co/hi4fgWYYJu,wimbledon
RT @WeAreTennis: Is it the #hotshot of the tournament already by @NickKyrgios? #Wimbledon https://t.co/hi4fgWYYJu,wimbledon
RT @WeAreTennisFR: DÃ©jÃ  le #hotshot du tournoi par Nick Kyrgios ? #Wimbledon https://t.co/RWaG5MY85U,wimbledon
RT @WeAreTennisFR: DÃ©jÃ  le #hotshot du tournoi par Nick Kyrgios ? #Wimbledon https://t.co/RWaG5MY85U,wimbledon
RT @WeAreTennisFR: DÃ©jÃ  le #hotshot du tournoi par Nick Kyrgios ? #Wimbledon https://t.co/RWaG5MY85U,wimbledon
RT @whiskyandtartan: BEST of luck to @Andy_Murray as he begins his #Wimbledon campaign today. #MonTheMurray ğŸ¾ğŸ¾ https://t.co/R4LwH0pEHb,wimbledon
,sport
,wimbledon
,wimbledon
,wimbledon
,wimbledon
,wimbledon
,wimbledon
,wimbledon
,wimbledon
,wimbledon
,wimbledon
,wimbledon
,wimbledon
,wimbledon
,wimbledon
,wimbledon
,wimbledon
,wimbledon
,wimbledon
,wimbledon
,wimbledon
,wimbledon
,wimbledon
,wimbledon
,wimbledon
,wimbledon
,wimbledon
,wimbledon
,sport
,wimbledon
,wimbledon
,wimbledon
,wimbledon
,wimbledon
,sport
,wimbledon
,wimbledon
,wimbledon
,wimbledon
,wimbledon
,sport
,wimbledon
,wimbledon
,wimbledon
,wimbledon
,wimbledon
,wimbledon
,wimbledon
,wimbledon
,wimbledon
,wimbledon
,wimbledon
,wimbledon
,wimbledon
,wimbledon
,wimbledon
,wimbledon
,wimbledon
,wimbledon
,wimbledon
,wimbledon
,wimbledon
,wimbledon
,wimbledon
,sport
,wimbledon
,wimbledon
,sport
,wimbledon
,wimbledon
,wimbledon
,wimbledon
,wimbledon
,sport
,sport
,sport
,wimbledon
,wimbledon
,sport
,wimbledon
,sport
,wimbledon
,wimbledon
,wimbledon
,wimbledon
,wimbledon
,wimbledon
,wimbledon
,wimbledon
,wimbledon
,wimbledon
,wimbledon
,wimbledon
,wimbledon
,sport
,wimbledon
,sport
,wimbledon
,sport
,sport
,sport
,sport
,sport
,sport
,sport
,sport
